{
    "davawen#6423": {
        "xp": 26.601240163538534,
        "level": 6,
        "requiredXp": 31.030377509393766,
        "notification": false
    }
}