{
    "davawen#6423": {
        "xp": 63.65342480796708,
        "level": 18,
        "requiredXp": 91.09392893956756,
        "notification": false
    },
    "Kamagyu#1421": {
        "xp": 29.96962249060624,
        "level": 7,
        "requiredXp": 36.03552939694073,
        "notification": false
    }
}