{
    "davawen#6423": {
        "xp": 23.468452482383366,
        "level": 15,
        "requiredXp": 76.07768273758808,
        "notification": false
    },
    "Elunnor#4401": {
        "xp": 10.606189787913543,
        "level": 6,
        "requiredXp": 31.030377509393766,
        "notification": false
    },
    "Kamagyu#1421": {
        "xp": 5.206949548245703,
        "level": 8,
        "requiredXp": 41.04070704392544,
        "notification": false
    },
    "thyzk#8240": {
        "xp": 3,
        "level": 2,
        "requiredXp": 11.010024999999999,
        "notification": false
    }
}