{
    "davawen#6423": {
        "xp": 4.909145611853113,
        "level": 7,
        "requiredXp": 36.03552939694073,
        "notification": false
    }
}