{
    "davawen#6423": {
        "xp": 3.666666666666667,
        "level": 3,
        "requiredXp": 16.015075125,
        "notification": false
    }
}