{
    "davawen#6423": {
        "xp": 28.90914561185311,
        "level": 7,
        "requiredXp": 36.03552939694073,
        "notification": false
    }
}